{"cameraMode":{"drawMode":0,"name":"Shaded","section":"Shading Mode"},"sceneLighting":false,"audioPlay":false,"sceneViewState":{"m_AlwaysRefresh":false,"showFog":true,"showSkybox":true,"showFlares":true,"showImageEffects":true,"showParticleSystems":true,"showVisualEffectGraphs":true,"m_FxEnabled":true},"in2DMode":false,"pivot":{"x":3.491468667984009,"y":0.3402945399284363,"z":3.8282558917999269},"rotation":{"x":0.0696539655327797,"y":0.9106361269950867,"z":-0.17164918780326844,"w":0.36951515078544619},"size":0.8660253882408142,"orthographic":false}